{"cameraMode":{"drawMode":0,"name":"Shaded","section":"Shading Mode"},"sceneLighting":false,"audioPlay":false,"sceneViewState":{"m_AlwaysRefresh":false,"showFog":true,"showSkybox":false,"showFlares":true,"showImageEffects":true,"showParticleSystems":true,"showVisualEffectGraphs":true,"m_FxEnabled":true},"in2DMode":false,"pivot":{"x":5.953990459442139,"y":0.3907862901687622,"z":-0.07367372512817383},"rotation":{"x":-0.36374741792678835,"y":0.010335986502468586,"z":-0.004036835394799709,"w":-0.9314356446266174},"size":3.1671459674835207,"orthographic":false}